{"cameraMode":{"drawMode":0,"name":"Shaded","section":"Shading Mode"},"sceneLighting":true,"audioPlay":false,"sceneViewState":{"m_AlwaysRefresh":false,"showFog":true,"showSkybox":true,"showFlares":true,"showImageEffects":true,"showParticleSystems":true,"showVisualEffectGraphs":true,"m_FxEnabled":true},"in2DMode":false,"pivot":{"x":987.6163940429688,"y":541.0798950195313,"z":88.77105712890625},"rotation":{"x":-0.010189815424382687,"y":-0.0020646138582378628,"z":-0.00018424296285957098,"w":1.0000135898590088},"size":560.6942749023438,"orthographic":false}